Num_interacoes,Num_repeticoes,Tempo_sequencial,Tempo_multicore,Aceleracao,Eficiencia
10000000,30,2.7184253772099813,0.5857218106587728,4.641154431576511,0.5801443039470638
